Files,Device_792888129_0[0],,,Device1[0],,,Device1[1],,,Device2[0],,,Device2[1],,,Device3[0],,,Device3[1],,,Device4[0],,,Device4[1],,,Device5[0],,,Device5[1],,,Device1[2],,,Device4[2],,,Device5[2]
4.hdf5,325.21002905479463,-221.28738931261537,-19.49036813084083,,,,,,,,,,,,,,,,,,,,,,,,,,,,,,,,,,,,,,,
devices.hdf5,,,,0.5080309874398369,0.47589502537644707,0.49707141156492873,0.5035536260636269,0.5046486577057129,0.5009453195018018,0.5042091787412339,0.49845105713312493,0.4905216165011664,0.501512729600254,0.48576730981159527,0.49758538010356623,0.5044290423520287,0.49602350784854926,0.5009502454419364,0.5026837494987519,0.5002410820488616,0.5062257239266323,0.5015454414946969,0.508222614589521,0.5042078789100581,0.5099286179773671,0.5010401094938581,0.5126735183769177,0.5086180302252606,0.52416664389087,0.49458163485268036,0.5052827055768286,0.4866334344125265,0.49229119914541025,,,,,,,,,
devices2.hdf5,,,,0.503977367042945,0.4892772858597883,0.4903497045377651,0.48507020477562307,0.49489048469882485,0.5104103425763623,,,,,,,,,,,,,0.49286245530367234,0.49455327664083765,0.4989103980144412,0.5146596812638794,0.5129636983667025,0.523303269436571,0.5046105080275284,0.49694935231483606,0.5108621314204889,0.51172740265789,0.4981088445856115,0.5086041080168536,0.5032953733219647,0.5088895241706719,0.51994846807465,0.5036012820231643,0.502126824214206,0.4978837398385926,0.4887857557369007,0.498977322690483,0.4731813326828796
