Files,Device_792888129_0[0],Device1[0],Device1[1],Device2[0],Device2[1],Device3[0],Device3[1],Device4[0],Device4[1],Device5[0],Device5[1],Device1[2],Device4[2],Device5[2]
4.hdf5,1.3079288681806678,,,,,,,,,,,,,
devices.hdf5,,1.5999009849247883,1.568330792820166,1.5552371669169895,1.581362118109559,1.6340623340386966,1.5184727886862803,1.5858190904675808,1.5909029590903239,1.6018597290290817,1.645918313208208,,,
devices2.hdf5,,1.5490752946483421,1.6016925625827556,,,,,1.6039393225166607,1.5749681245890168,1.6156641968808978,1.589741743576393,1.6228628251182102,1.6185310548305043,1.600202049018325
